Letztes Jahr;Dieses Jahr
93;89
87;120
79;88
101;70
89;99
77;98
95;86
93;67
81;70
77;114
106;74
60;93
88;95
104;72
96;87
107;68
61;85
88;72
90;101
109;91
90;98
87;69
95;110
96;71
88;119
67;76
84;106
76;91
84;93
89;112
59;110
79;87
86;89
95;116
87;100
91;77
74;88
84;112
77;118
87;114
86;88
78;91
92;110
88;95
82;73
98;88
70;97
106;117
89;103
93;90
101;82
85;90
87;111
82;75
104;82
104;89
73;73
91;87
99;79
86;112
98;86
81;97
84;109
76;80
104;55
87;88
77;113
77;95
84;85
98;107
78;73
82;104
85;95
104;88
110;88
90;81
100;71
89;101
90;97
117;100
74;93
106;111
79;87
95;97
90;100
79;103
93;90
85;92
110;87
91;104
100;104
84;67
96;51
80;95
86;111
79;109
63;86
70;93
90;83
97;75
98;87
84;64
98;92
80;90
84;108
88;119
62;104
87;79
92;112
78;82
91;78
107;118
95;81
85;112
78;92
87;89
78;86
90;120
79;78
72;86
95;82
108;110
107;104
86;96
106;91
86;80
100;107
96;67
91;119
97;87
119;85
100;83
93;92
94;113
100;84
86;98
84;97
87;96
86;97
111;86
85;83
92;115
74;92
97;86
96;74
76;102
117;89
86;83
95;86
110;81
115;108
91;92
88;95
86;92
110;61
75;89
100;114
95;90
102;99
97;108
103;95
76;78
103;105
100;103
99;109
79;87
98;72
94;90
74;96
102;99
104;65
98;82
81;75
111;94
118;88
98;109
99;99
97;100
91;82
73;87
78;104
90;87
103;96
90;91
50;75
93;69
63;97
81;79
65;95
86;117
120;110
96;93
70;102
70;91
83;119
97;70
105;69
113;77
67;85
92;98
72;72
84;87
81;95
114;92
106;63
85;106
72;109
76;100
87;98
97;80
79;77
95;109
82;78
80;92
91;82
84;99
91;109
81;92
89;102
78;98
91;80
111;94
113;85
79;112
76;99
79;76
95;93
71;87
76;88
78;109
80;75
114;97
69;79
82;101
89;96
93;85
85;110
93;80
77;74
86;86
98;120
70;69
116;86
87;89
86;81
76;86
96;102
94;113
119;82
87;69
